        log10N,Jtime,atime,iters
1,0.000465,4.4e-05,155
1.25,0.002609,8.2e-05,482
1.5,0.024696,0.000148,1662
1.75,0.213208,0.000508,5466
2,2.010826,0.002155,17703
