        log10N,Jtime,atime,iters
1,0.000454,4.1e-05,155
1.25,0.002884,7.2e-05,482
1.5,0.023446,0.000138,1662
1.75,0.211631,0.000811,5466
2,2.043102,0.002152,17703
